,A,B,C,D
2000-01-01,0.22539499935648719,0.3800111947326212,0.3905022037144653,0.2779341956950524
2000-01-02,0.21770097862025622,-0.6547867630520123,-0.30307401029896486,0.23908511807765173
2000-01-03,1.7679198088868024,-1.1176053080114572,-0.03684892287287428,0.36059453441511213
2000-01-04,1.2315764272557033,-1.2215138289276235,0.34620609522166695,0.9988434637470276
2000-01-05,1.513918836831941,-2.2600290023572955,0.29811910412847403,1.189381375927035
2000-01-06,2.8936288705200544,-1.7208467534904042,0.04640928518611381,1.2517266947881838
2000-01-07,1.282246159721921,-1.0765023302792327,-1.0066656262001707,0.9623216482435255
2000-01-08,1.011996441951314,-0.441464856685328,-2.5820027772276157,0.5932962538065261
2000-01-09,-0.9276107008604328,-2.6176463943117136,-2.6703316470088674,-0.5341571486649492
2000-01-10,-0.16108701072397946,-2.2605340443558264,-5.386461845068117,-0.6106850143495686
2000-01-11,-0.5976514310095034,-2.769070805099201,-4.151008038472048,-1.0604573940116018
2000-01-12,-0.9430806655623261,-1.9741443148539135,-3.453155025770056,-1.4015413936546077
2000-01-13,-0.7732518471547724,-3.184611192689269,-3.960412479979315,0.2885260955896849
2000-01-14,-2.792611079921524,-4.796117580050261,-2.1561232134022017,-0.06560941887307126
2000-01-15,-2.320770092153606,-5.23620619542735,-0.49306037341518083,0.2692154505927022
2000-01-16,-1.8195297449600367,-4.883635994540766,-2.196469328245693,-0.30179880840943446
2000-01-17,-0.19211075339331884,-4.568629785636655,-4.030605304932987,0.7467335919163429
2000-01-18,1.3228614366066647,-3.66789782993865,-4.62355728623776,1.7767876589833673
2000-01-19,1.2993275559031097,-3.1392845169534658,-5.670340601776185,2.6455646705371842
2000-01-20,1.2938466042986034,-2.756058124043624,-6.095423793075513,4.209806259522009
2000-01-21,0.38990775442419756,-2.3840387355182493,-5.230796284201651,4.025297839822472
2000-01-22,3.006714826136858,-2.363019459068993,-4.889102395821394,2.5958357743152263
2000-01-23,2.612095819667312,-1.3917361862118391,-5.379235818652929,1.5889044685007725
2000-01-24,2.67783254705772,-2.2596717011733807,-6.0660597258077456,1.008140662946718
2000-01-25,1.727225437880671,-1.532410828320808,-5.75181329307029,1.4557192569234996
2000-01-26,4.439019660083726,-2.7874460330619297,-5.883992013058594,1.8194850695520317
2000-01-27,2.8585501717462147,-2.878283679836376,-5.430952539873963,0.46240807915914095
2000-01-28,1.9550851366153075,-2.84841467672816,-4.739787712081236,0.08604502919568313
2000-01-29,1.4696638162032696,-3.8826909902969478,-4.336726449742761,-0.6705822137951414
2000-01-30,1.9245461861382105,-4.069029989057485,-6.609433800365743,-1.8377507559150377
2000-01-31,1.6273342566299047,-4.392373178915444,-7.765650294041349,-2.0821008239226195
2000-02-01,2.8876598821660195,-3.8754691768559093,-10.046914197453535,-2.9434401292327625
2000-02-02,2.336941027225592,-3.9729650534580574,-9.728232863780223,-1.6935072699266587
2000-02-03,0.9986797080416638,-4.035214817500699,-9.840595652439157,-0.25505968131297463
2000-02-04,-0.3250116855477456,-4.611862968058169,-8.554926280666235,0.37400652045629557
2000-02-05,-2.569411894499039,-3.515340354837921,-7.848516514104976,0.9710055637533037
2000-02-06,-2.2241837092748273,-3.89379354610974,-7.92403404119994,-0.5064979003511085
2000-02-07,-1.4842554570445365,-4.907496515392188,-9.387326141683431,-2.1043551840952066
2000-02-08,-1.3955305193958791,-7.3487329993861294,-9.887878595488365,-1.7661469028498795
2000-02-09,-1.578726059993432,-6.301230759068928,-11.450837517653753,-2.643258336087102
2000-02-10,-2.098815626355851,-6.42894677757169,-11.775353926324609,-2.7094131782644726
2000-02-11,-3.6877909745166226,-5.581552469243768,-9.676956530810807,-2.146415241708941
2000-02-12,-3.811596459560817,-4.697772333533788,-10.106486764904773,-3.5788310087087893
2000-02-13,-3.2298754283882167,-7.05788901482973,-10.351980121045605,-2.28420512263496
2000-02-14,-3.658756280718422,-6.173376395769865,-9.166342643182759,-0.6053775982756979
2000-02-15,-4.490568677478971,-5.20898219664479,-9.795360592588091,0.07621999588922113
2000-02-16,-4.884862417015717,-6.256668608760308,-9.542015758204037,-1.4469262533719656
2000-02-17,-5.230939884417413,-6.251373206284699,-7.557327698497122,-1.9624733085313666
2000-02-18,-5.2649630493804045,-6.148596520165718,-8.013341252556968,-0.6369486238292477
2000-02-19,-3.736408411069144,-6.410602397376852,-9.166718701125369,1.599851432160078
2000-02-20,-3.947071919663685,-6.896388339205704,-7.6592961379137625,0.48835232283568186
2000-02-21,-4.091888992090812,-7.175880484739779,-8.563440401367941,2.138740866869196
2000-02-22,-4.391322247671578,-8.235370952120329,-7.504666137579091,3.0200715938618776
2000-02-23,-5.078451113457919,-7.154582097227487,-8.63086927851794,2.3055826731209166
2000-02-24,-5.270756068507576,-7.589326384607636,-7.611263029513799,1.2875840086955805
2000-02-25,-6.392834049616921,-6.720111503867815,-8.660107646744612,3.6060525869303905
2000-02-26,-6.498616398901546,-6.168419829330703,-8.99271636187503,4.48703525244613
2000-02-27,-6.149927958674922,-5.964926759838777,-8.783190753675111,5.174931939071076
2000-02-28,-8.508171165210996,-5.66002884219663,-9.033162527129047,6.165865992494092
2000-02-29,-9.331167640099931,-7.067979701471155,-8.338271926105811,6.526531785670909
2000-03-01,-9.387215718279764,-7.4803678442885255,-8.505396401872208,5.851408774315506
2000-03-02,-9.904636388969136,-7.263816572059543,-7.85036784440055,9.087676824949991
2000-03-03,-10.375741336016729,-6.3626351466436795,-6.811288048725896,10.028465595045734
2000-03-04,-11.776862009045486,-6.0835090405279,-7.460375357254549,11.47750183540403
2000-03-05,-11.86827852783713,-5.386011329789717,-7.991887226049888,12.603465318466247
2000-03-06,-14.728152408451404,-4.473896266347938,-9.355422748809266,11.214226566741818
2000-03-07,-15.161732399987539,-4.43338179492848,-9.238768171375195,10.914326258341335
2000-03-08,-13.828795413919101,-4.95615292097262,-9.881433859142017,12.155529461157677
2000-03-09,-14.438160945919387,-5.829706200166914,-7.838031546103321,11.649230584887421
2000-03-10,-14.433921162916057,-6.268277701302101,-9.429930429288747,10.519133250231448
2000-03-11,-12.78638425671072,-6.4917526160830015,-9.301492560328871,9.689015450451073
2000-03-12,-13.538941903270269,-6.908461879883581,-7.627285609590121,9.685221676406446
2000-03-13,-12.768733563588343,-7.81435576289204,-8.307448673178563,9.054572581987808
2000-03-14,-11.014698193641122,-7.123209064097033,-9.503908616501953,8.236802091186457
2000-03-15,-10.784356404004937,-7.977098489557324,-9.710162187372283,9.452773631445446
2000-03-16,-10.313604785852423,-8.121259272347611,-10.179690337835039,8.123583204841944
2000-03-17,-10.763891071371715,-7.555788500164052,-10.042128229956745,7.2926727620210885
2000-03-18,-10.364651361782519,-8.10152482277171,-11.144798380483449,8.440093520241973
2000-03-19,-10.095399325623644,-10.098980892226571,-10.0959634100339,8.359646439707557
2000-03-20,-9.233664512378509,-11.418192499514035,-10.867450075579269,8.963590922523057
2000-03-21,-9.579319141489078,-9.673504835026945,-11.939006351266807,8.268965752080259
2000-03-22,-9.3741275599831,-9.837823380309647,-12.380492200045929,7.033609121852615
2000-03-23,-9.00870500039793,-9.326771748938432,-13.024858829643014,7.33499104288722
2000-03-24,-9.855672340461076,-9.028688309540621,-11.369112240032518,6.811364208813029
2000-03-25,-10.612933878754118,-8.849212136754714,-12.032507852633364,6.2580716496755855
2000-03-26,-10.233015397777333,-7.433408259188993,-11.967071442366029,4.279542089718286
2000-03-27,-10.732192735283101,-8.586280718186718,-13.710165480485358,4.424842200548485
2000-03-28,-10.192809534240808,-9.78983558894749,-16.122404305450928,4.885586131120317
2000-03-29,-11.071729836247169,-8.60818938241662,-15.887178078086738,4.767677955365318
2000-03-30,-11.045951183942897,-8.734733706080855,-14.253294316293436,4.907553680856995
2000-03-31,-11.529000548241957,-8.139094142015075,-13.296272874847968,5.723730349167146
2000-04-01,-11.07967687469679,-8.742627369651558,-12.562358069185043,7.42292755553737
2000-04-02,-11.417053865845402,-8.70279523819213,-11.776732349143408,8.017317308719369
2000-04-03,-11.898968786436235,-7.556481086292703,-11.669314182106184,6.969681890706405
2000-04-04,-12.475378327691772,-8.387155016075825,-11.529798730658921,7.583675086153229
2000-04-05,-12.910719772745727,-8.389818092078093,-10.13485043746512,8.26790865732535
2000-04-06,-13.163003267736135,-8.906160973825859,-9.894648954555185,6.625209876351564
2000-04-07,-12.328187786811128,-8.150686170435302,-9.467581085318553,6.369534950065394
2000-04-08,-12.83966622115574,-9.955131050149228,-7.988055950852417,4.694825210979766
2000-04-09,-13.385890511745464,-9.85359220600683,-9.42997752352249,3.7016880501668665
2000-04-10,-12.549889637353223,-11.327856380737991,-9.229136900040947,3.8778623954514955
2000-04-11,-12.322637109368301,-10.31146390091239,-9.468536060557,5.468456108101722
2000-04-12,-13.618579243082134,-9.702285712350346,-9.410519312073587,3.180679368248886
2000-04-13,-12.83676667384532,-10.124611552323406,-9.688071746098881,4.466346128766663
2000-04-14,-13.064380666617607,-10.002342763212793,-11.203009908918267,4.424747871163801
2000-04-15,-12.042997042367599,-8.391599161518226,-11.819927589724575,6.558667149503776
2000-04-16,-10.401333023532027,-7.374306937322695,-11.865815181102356,6.112873844991008
2000-04-17,-10.116753880337107,-7.528888391444763,-12.05937332112717,7.409599437687297
2000-04-18,-9.480309321705274,-8.591514784920843,-12.570193114147148,7.735068871364469
2000-04-19,-7.710525627284187,-8.203561431232197,-13.901398996173818,7.2463577540943716
2000-04-20,-6.81534335407561,-9.449779972479108,-16.069160144003476,6.547037245848179
2000-04-21,-6.090396385200168,-11.16485663545727,-16.41128269843792,5.705097483958977
2000-04-22,-4.837784471625419,-12.435066470437215,-18.412198034912144,5.809547361788442
2000-04-23,-5.137357099657002,-11.18987333892763,-18.905158507973873,4.290664947662565
2000-04-24,-5.295727014735962,-10.945923890402986,-20.26594042284364,4.417689883594277
2000-04-25,-4.145129429076334,-11.033371911051127,-19.33827818395015,3.7171218862438256
2000-04-26,-3.483702091608799,-11.032495132005273,-18.03832126662786,4.907050569696999
2000-04-27,-3.952817568420615,-12.181242447316016,-16.083590536988794,5.686841283605038
2000-04-28,-4.740250520560002,-11.080370144541263,-15.40340171995297,4.953852233136382
2000-04-29,-6.324984704371305,-12.286008146314042,-14.847594749752366,4.155775444549278
2000-04-30,-6.184474198826431,-12.977147380005405,-15.152475812657965,4.189700489005445
2000-05-01,-5.429888555234379,-13.754770924763973,-15.684596506133701,4.818648933592697
2000-05-02,-2.783739336892482,-13.189687394581263,-16.821178963950867,4.95908608370474
2000-05-03,-2.265691205953058,-14.283584920829691,-15.796032388036165,3.9020279145966423
2000-05-04,-2.4291821822200186,-15.429201390698218,-15.60429509120454,2.609896787599147
2000-05-05,-3.0437581562160827,-15.87358203185963,-15.311343973183751,3.699871959986594
2000-05-06,-3.414985005902839,-16.298081148274395,-14.901804640699547,3.813525845905355
2000-05-07,-2.1183049032890917,-16.666261162491683,-13.722956652248481,3.339643925193243
2000-05-08,-0.6389686291444749,-17.624818112092886,-14.342046294824616,3.8533835592764434
2000-05-09,1.6054494137324564,-18.842074411209786,-13.29012270273762,2.7742207060334954
2000-05-10,3.8630578788283985,-18.21352851099387,-13.791600414135614,2.8562799954797113
2000-05-11,3.608721992520564,-19.534677170881828,-15.302823195686656,2.6097625179868382
2000-05-12,2.7727689099836397,-19.119349668889896,-15.119860847267104,2.9967941932905786
2000-05-13,1.5168125386723743,-20.695911058781032,-15.937158143226217,2.6208575363354623
2000-05-14,2.9721319701682356,-20.70311507199204,-15.889278667109386,2.7915950175321176
2000-05-15,4.39368311480112,-21.57337923819803,-16.866531719043294,2.574970431890472
2000-05-16,5.2187429784310035,-20.4199627812896,-16.587726394311183,2.5222006639547634
2000-05-17,3.8124103463286554,-19.78016311385028,-16.34374282507747,3.411068337725216
2000-05-18,6.177829033651611,-20.144003651033064,-16.956044545571803,3.3620309347204027
2000-05-19,6.067950512728164,-19.159479664239804,-15.611725647192616,4.129146607698931
2000-05-20,5.524663252207069,-18.952274199818977,-15.5583051329103,4.487796808281565
2000-05-21,7.598215366238229,-19.478160362916523,-14.275945091427904,4.125530407147173
2000-05-22,7.462369794595761,-19.424914645796594,-12.379784385155503,4.594528494238302
2000-05-23,7.144108467480486,-19.54557308489441,-13.483563354037845,5.127032008438697
2000-05-24,6.863559733938314,-18.461622837008214,-13.01433312182021,5.412525866049247
2000-05-25,5.557657508166634,-17.85061635490049,-12.570536494168707,3.937911044404225
2000-05-26,6.845034327675805,-18.992904313974147,-11.811205207243006,5.573171347089813
2000-05-27,7.15642628633807,-21.06076013755869,-12.297782069084462,6.723627091230233
2000-05-28,6.451590001253242,-20.485040503443983,-12.767378193842108,6.4584845726683815
2000-05-29,6.513847263608676,-21.076419945267904,-13.189383268507898,4.887261300000171
2000-05-30,6.8987217678616295,-20.160347920280426,-12.653873043561404,4.092501850154969
2000-05-31,6.967605408364213,-20.514572632679826,-13.431229790646448,3.8184272843176856
2000-06-01,7.686417957787874,-20.32703834636201,-13.151388390249961,2.7085717884641456
2000-06-02,7.120502778934331,-19.785274963782495,-12.999825039969341,3.332953935665817
2000-06-03,6.8796294643238225,-21.31236637826332,-12.804326492537395,5.302509902730916
2000-06-04,6.648876839365453,-20.656637181566683,-12.677931485739842,5.424246671217085
2000-06-05,7.484915805051123,-21.73022630773417,-10.609073296198057,3.955752393230609
2000-06-06,7.196734074684148,-21.285100071700924,-12.26990904484481,1.620236523232796
2000-06-07,8.436533126505875,-21.925086977069064,-12.151968158155515,1.1462538635933273
2000-06-08,8.525760246260848,-22.345928176562506,-12.188208462525566,0.6007368000466323
2000-06-09,7.584297356276023,-22.93171087088141,-13.197492757891238,0.8052961979780872
2000-06-10,6.057208619158357,-22.063676591829463,-13.927228165490318,0.22762967368563958
2000-06-11,5.079080599466772,-21.408191546971263,-13.5724039538213,1.4061625151235728
2000-06-12,5.163512327072417,-21.896214472656656,-14.075089599628322,2.0060999308453664
2000-06-13,6.013795391624389,-22.64995470014589,-15.890748558946608,1.9069900566276743
2000-06-14,8.615788284348515,-22.159164313385507,-15.53955192664405,1.1061779189374268
2000-06-15,7.891200271262186,-22.569166792103683,-16.69575497204614,1.281881152179735
2000-06-16,7.690326730571783,-23.046371911307002,-16.975840810436747,2.7704349847958776
2000-06-17,8.89432834243382,-22.539540986983354,-17.821297123868185,2.7809508083825363
2000-06-18,10.732092720501146,-24.336311365230692,-16.789594102356883,3.4388659593693136
2000-06-19,11.047079274936914,-25.050516733145194,-16.11609218384637,3.54268275079207
2000-06-20,11.336245872056352,-25.54240596760035,-18.19988575253151,2.468422172260108
2000-06-21,10.046117915405032,-26.592846798039428,-18.77507577986617,2.14958726881767
2000-06-22,9.479757682604228,-26.495613611163247,-18.39398711426776,3.628238959164774
2000-06-23,10.262503289484041,-27.980742202291832,-18.070387629340157,3.596751421589014
2000-06-24,12.250810158486107,-27.98862166917499,-16.676047627579074,3.3848146939703145
2000-06-25,12.533229509547121,-28.385628930960102,-17.78342464802909,3.9666355565937463
2000-06-26,12.103248963205639,-27.91864510500516,-19.823041605508273,5.0165794614692505
2000-06-27,12.202799080883398,-28.363660517017262,-18.940419083114172,5.472884855891397
2000-06-28,12.144517196659809,-30.109829968430972,-19.01323605357728,5.7930518049288375
2000-06-29,11.377629223561465,-30.340788000614864,-18.36829229418444,5.415247055699036
2000-06-30,12.274858830608414,-30.84430421773964,-18.828761106522965,4.496080777942908
2000-07-01,11.868547451141715,-30.88601559823045,-19.070894867970082,3.8030889691428875
2000-07-02,12.021790782060267,-30.193190732096006,-18.45238299457583,5.177156557669058
2000-07-03,11.330052946442228,-29.986040381588925,-17.93050788145864,5.665073053597371
2000-07-04,8.842028135510407,-29.699146327303986,-17.675917284816347,6.732571119472038
2000-07-05,9.971718852131051,-31.160537409669693,-16.23691307397422,7.6875188091088065
2000-07-06,11.516235382112827,-32.7840345999682,-16.411958415401024,7.655385295816553
2000-07-07,12.004090463581692,-33.17080236499169,-17.612288136409457,9.465975574697165
2000-07-08,12.550502552671304,-33.68459879791899,-19.117154367317127,9.183223959304915
2000-07-09,12.861644891676729,-32.854176358053294,-18.559086511542574,7.4962278122331805
2000-07-10,11.827147584822221,-33.7228819939136,-17.959722172944048,7.809400247922399
2000-07-11,12.486419086838819,-34.13152705869806,-18.958640231727976,7.496786144627652
2000-07-12,13.487152389774119,-33.08549665179579,-19.8441872482477,8.681333030240816
2000-07-13,12.723645062931004,-32.78527591912889,-19.88800880888197,9.131791154429077
2000-07-14,12.124716197927912,-31.934916213704575,-20.876036253323985,9.452164826101704
2000-07-15,14.18486117060266,-30.80566851458875,-21.08765029544828,9.591934999576154
2000-07-16,13.71895157095656,-29.29354595914705,-20.696116280647463,9.697066496359765
2000-07-17,14.0949428433862,-29.870550263965583,-20.437827738315207,9.848865471745485
2000-07-18,15.66121208645471,-29.243457674807406,-19.350253439131635,10.954943333983628
2000-07-19,15.666111964576128,-30.12160610544522,-19.50436315243737,12.38911492405105
2000-07-20,16.920373597955376,-29.601825976057142,-20.13730647181584,10.898642176761332
2000-07-21,16.33354527703061,-28.44585796790406,-21.89248745064848,9.158348058406746
2000-07-22,17.71975948154616,-28.340724783879786,-20.93887944349476,8.131081141048309
2000-07-23,19.56838062027322,-27.89267593361957,-20.607862514805113,9.343646375047083
2000-07-24,20.82148678229163,-26.521898831608993,-19.61767788895453,10.271488671932435
2000-07-25,21.11691400732042,-26.65226281523007,-20.42263142388572,10.936888729050818
2000-07-26,21.333999729736806,-26.227112670254257,-19.880318132750528,13.328558257407472
2000-07-27,21.416915557491972,-26.481120703380512,-19.30550686369537,12.408254865855358
2000-07-28,21.215948069890125,-27.122936535792242,-19.190577413584148,13.16953026941395
2000-07-29,21.472703234139793,-27.335405095251115,-19.913700266525645,14.694114247978883
2000-07-30,22.73908012243822,-25.895527233276063,-18.127965501992854,14.383608883954768
2000-07-31,22.37367748122091,-25.467093919366864,-17.7291889694718,13.926457263674038
2000-08-01,22.436233411373205,-27.34545147791282,-17.112310258759752,14.090924148529833
2000-08-02,21.261153742605856,-26.365894775569313,-16.636718026474007,14.713794900841782
2000-08-03,21.51796328924924,-27.76555764908692,-16.18180088335716,15.002014079578114
2000-08-04,20.861234473369837,-27.233682625619704,-15.148897997736864,14.029250432159017
2000-08-05,21.073444053534455,-26.080900504096796,-13.985323509948529,14.95480708623488
2000-08-06,22.33685713228697,-25.958501193294673,-14.279204963736293,15.199288550218942
2000-08-07,22.729040764245585,-25.458069691308353,-15.263831942060634,16.98724434693666
2000-08-08,23.056685668707857,-24.956911003827756,-16.809489914592508,15.91704212423962
2000-08-09,23.39672550805016,-23.900772701961294,-16.29405645161834,17.874297954695823
2000-08-10,25.035069336841094,-24.547883246409935,-15.955002389643562,18.855762912654527
2000-08-11,25.476436484914423,-24.92589171353025,-14.320571895797881,19.349928441762067
2000-08-12,25.05620201598782,-24.298338362084383,-13.24125256874342,18.991384712936366
2000-08-13,25.089220233753753,-25.54991177038217,-12.012415363430527,19.647827896088653
2000-08-14,25.76421914558797,-24.843964606152923,-11.245708999452596,19.00377062383091
2000-08-15,25.114172044835723,-25.038464603157717,-11.14495982600376,17.809208565611335
2000-08-16,25.41687147412477,-25.052435575912984,-12.199167130608258,17.694005656115525
2000-08-17,25.76381643555953,-23.38673898310035,-12.4909312945715,18.12058351234794
2000-08-18,23.113869783769093,-22.075696195902516,-12.34446761969823,17.204943735732936
2000-08-19,22.915532001571318,-21.744805549161857,-11.09469347717479,18.25214880664435
2000-08-20,24.003294402115028,-21.00560154478564,-10.494642450818267,19.38118573266118
2000-08-21,24.33008115473631,-20.408601992626703,-11.265487147893333,22.08173399165419
2000-08-22,26.25300106705174,-19.57914931894134,-12.588092139465974,23.87880522921161
2000-08-23,26.197934957332038,-19.444429946242785,-13.008630463955129,21.555204871233308
2000-08-24,25.670837192415252,-19.69829823861478,-14.134191353189326,22.725981517405046
2000-08-25,24.592196468472842,-18.94461950099113,-14.127931008153366,22.841816095935222
2000-08-26,24.21117295970403,-16.991064819334394,-14.959944088357405,23.702392620191862
2000-08-27,24.36787208736013,-17.69134906094623,-14.58520192012995,24.2316498312193
2000-08-28,25.751045144695585,-16.214828180199437,-12.141208247525757,24.192206915149654
2000-08-29,26.47666913684776,-17.24960487670826,-11.601060990085257,21.896798324486856
2000-08-30,25.676630371443874,-17.791774058425453,-11.388742736443934,21.930339631731865
2000-08-31,25.16713912720738,-19.03969975944233,-11.28304610834099,20.81665573898209
2000-09-01,25.309567608290028,-18.533784690385307,-9.88275169054972,19.95886443148942
2000-09-02,25.461736140989654,-21.053174286596825,-10.23189363623176,19.772960107697006
2000-09-03,26.02667992388933,-21.54653930567568,-11.22220354736914,20.216360903635977
2000-09-04,26.674012616497762,-18.695196883636207,-9.304673934780364,21.13184060635494
2000-09-05,28.534435031594725,-17.41294002623104,-9.991301788184394,22.9440839111217
2000-09-06,27.647651758197554,-19.138164457034584,-10.591549079305306,22.15017877049428
2000-09-07,29.351410073426187,-20.148425033087666,-11.149145828973504,22.487470336635347
2000-09-08,28.970920743819413,-20.701866371848507,-10.990537521548504,21.732496592616116
2000-09-09,28.750405179994416,-19.79123399857847,-12.581092403401685,20.893612713523222
2000-09-10,29.624572671700303,-18.668192860227556,-12.602336563168059,21.396727229908226
2000-09-11,30.9540216717771,-20.278633129376903,-12.141540527167361,20.68477347047876
2000-09-12,31.38830464819809,-19.67033746367577,-11.730216125828429,22.130345536688463
2000-09-13,32.21417359271741,-17.97097428717649,-11.026817672125564,23.897067313304635
2000-09-14,32.10440487899134,-18.318329962538765,-9.553409862660157,22.500864758597494
2000-09-15,33.53943394591764,-19.649065122296058,-7.818335131040015,22.581003641605957
2000-09-16,35.05104756116878,-19.86143501154626,-7.22061029790133,23.628698635455763
2000-09-17,34.88039712233268,-18.42273927498652,-8.010473256290107,23.319873780623137
2000-09-18,33.91555817575864,-17.85187477442683,-10.511819644357622,22.619589578591018
2000-09-19,33.378433359511284,-19.48987228288149,-10.761351371701595,22.547383516669004
2000-09-20,33.4021081344749,-19.25897745352436,-11.268473584772174,20.19126213620756
2000-09-21,32.23302436996288,-20.56499725611551,-11.642935678516862,21.318104782470577
2000-09-22,32.73850324201753,-20.50255253004688,-11.386818885371948,21.10611147154046
2000-09-23,33.79401613859377,-20.447242373972827,-10.515172946802377,21.37650462832626
2000-09-24,33.48043443118143,-19.65132107475589,-9.34932440894129,22.712096424069948
2000-09-25,32.91284890761285,-21.692515478011003,-11.284142946216276,22.575664648422464
2000-09-26,32.62161321036756,-20.580225058767233,-13.243175582358068,23.046630193078848
2000-09-27,31.086983723008746,-20.358250645074776,-12.016450077253582,22.578163965054383
2000-09-28,31.26021058565536,-20.325350361225862,-11.872769559015058,21.554997895577564
2000-09-29,30.958510147156556,-20.1411746604567,-11.61674247017935,22.7967234911453
2000-09-30,32.76951364482233,-19.691728625858683,-14.269074976023074,22.198784529335146
2000-10-01,32.575265206086705,-19.61604933371241,-13.86167645688413,22.42984382127191
2000-10-02,31.24148148912229,-21.26352523046625,-13.027929147514573,21.946203506604657
2000-10-03,31.359397532068726,-21.830874576929922,-12.516323333841015,22.12870674512368
2000-10-04,30.906137393494514,-23.655483333174487,-12.7612207649628,23.473364801722944
2000-10-05,31.91902438466748,-22.157527584645987,-13.020865491839862,21.894634047332147
2000-10-06,34.81783433174262,-22.713827310250057,-10.952844555043272,23.4230890298325
2000-10-07,34.77322097966804,-22.63682353230795,-10.23490101321801,22.334035280554897
2000-10-08,36.41004048488626,-21.355506482927385,-11.766044715582996,21.91737055853122
2000-10-09,37.216767861990114,-20.007844343407662,-10.620634649247773,21.812363848947378
2000-10-10,35.35336883438288,-20.00851841962575,-9.852594697479837,22.147689631333165
2000-10-11,37.11420704220699,-17.557046339846096,-10.97570875971181,21.992484041054546
2000-10-12,37.183498507207844,-17.27612045576165,-11.835991901170445,22.273483359512568
2000-10-13,36.31943579355464,-16.675440727106448,-11.990917795574825,23.251553867295296
2000-10-14,37.608436846762054,-16.873554948138494,-12.198839727713892,25.31168362414319
2000-10-15,37.82861663106651,-17.41999606463171,-12.576300486914734,25.26368368098852
2000-10-16,36.7656098655847,-17.69665005690578,-14.65509871386319,25.889928267874424
2000-10-17,36.65271098466501,-17.826776814757316,-15.911148874798162,25.225029863627725
2000-10-18,36.41010609210798,-16.16637323015227,-15.391744438027525,25.320536577876858
2000-10-19,37.531980093892926,-17.304975327470796,-15.385982078623593,26.33430660227331
2000-10-20,36.9659055193788,-18.21179860580227,-14.55838902299245,24.514395526439596
2000-10-21,37.553922277262835,-18.223925375932254,-14.696740917330246,26.178862113546305
2000-10-22,36.67680176885764,-18.379332695227834,-13.23120712312301,25.284515258415077
2000-10-23,37.47850649224489,-19.101887792412974,-14.126920403097774,24.012149301768176
2000-10-24,37.64352006959336,-20.008644104631287,-14.920718099454358,25.863272211223013
2000-10-25,36.97635328687765,-18.28286139654445,-15.250872813283841,23.54530080922617
2000-10-26,36.18689444796792,-20.639744452105283,-14.70694337592646,24.605036745953598
2000-10-27,37.590489750420176,-18.788374111414957,-14.988121999880077,24.05555199462711
2000-10-28,35.588890299949774,-17.98650064121721,-13.924520505452266,23.991817588902283
2000-10-29,34.53033793324316,-17.876434111441085,-13.556544656976014,25.538748541233083
2000-10-30,35.46950544716288,-18.2788404249118,-13.55470782940163,25.95084528398793
2000-10-31,36.23131659350464,-17.59750193025223,-14.355212830012393,24.68199261086992
2000-11-01,35.73548322171212,-17.595485420615066,-15.331736299715423,24.44516811425857
2000-11-02,36.18760525815574,-18.911222525816587,-16.910485640807913,25.74587681974339
2000-11-03,36.38852437467607,-16.850655674025507,-16.23552976862566,26.64535666533654
2000-11-04,36.95173984389695,-16.606897759093442,-16.53737149529465,26.737969421793988
2000-11-05,36.749422305671565,-15.592175720652033,-18.18291660448916,26.33846761921329
2000-11-06,37.15488235751373,-15.194445257971115,-17.967739309287794,27.144547278274374
2000-11-07,37.711429510547575,-15.27250714999315,-18.776712930446127,26.367064734859692
2000-11-08,36.84622154319981,-14.268100375971448,-18.271016768413162,27.009299774707
2000-11-09,37.230370564848364,-14.47401615984229,-20.49284697506042,28.83354830434292
2000-11-10,38.341903367195556,-13.407169638701372,-20.229161931504986,29.31328181281338
2000-11-11,37.53106003270685,-12.71984407818719,-19.411498133086187,29.60865117744147
2000-11-12,37.214424925847815,-12.593318482065593,-18.506913758349505,28.641933780259876
2000-11-13,38.043531249188874,-11.68008272559334,-18.228176212131,27.490602995243606
2000-11-14,37.05942494561236,-11.459883038138539,-18.417647779495805,28.797797669475887
2000-11-15,36.639325572417334,-13.14591261210425,-18.775755857831623,29.13821373137829
2000-11-16,37.364176090575306,-13.559854874163083,-19.49781500766162,29.70277140061093
2000-11-17,39.02747074646464,-12.558848154543963,-20.63407459859786,28.915757766446788
2000-11-18,38.1002271633793,-12.480728428391863,-21.276491309969906,29.716292005247233
2000-11-19,38.230659707702465,-12.532506090318078,-21.38360192644862,30.563463239769327
2000-11-20,38.7371391752514,-13.74008905036489,-21.587565435077206,30.547152040070326
2000-11-21,38.40337303055201,-14.715344197782128,-20.688381372611488,29.06211681333915
2000-11-22,38.99829937822899,-13.127739024094913,-20.59746380440073,28.379857135526773
2000-11-23,40.23200847278668,-11.804091087998335,-19.66243043295046,29.2247568291856
2000-11-24,39.92765240631299,-10.779286385638013,-21.02618007833269,28.61940585662767
2000-11-25,40.53856476446903,-9.535357987485144,-21.25756731445785,27.863775302544262
2000-11-26,41.94962431901444,-9.14212103877167,-20.824195428107164,26.306526549521397
2000-11-27,40.8335030094635,-8.960028012634716,-22.2893210585075,26.30917678049287
2000-11-28,40.24468815741391,-8.543113570756002,-21.64129488041997,25.7585748966386
2000-11-29,39.89009185333765,-7.446132972960022,-20.683311018566208,26.266681685415076
2000-11-30,41.4620428765755,-6.300044406248009,-19.45438282884625,24.924148316461785
2000-12-01,40.1392678895656,-4.728634668295056,-17.913965599349634,25.289549209948188
2000-12-02,40.02683434726329,-5.039494799787562,-16.98803727341916,26.54911719408291
2000-12-03,39.88310371816432,-5.408700418706069,-18.49262024829527,27.025996296209435
2000-12-04,39.757922779197514,-6.863473841417279,-20.160377006530155,26.68155010376528
2000-12-05,38.88699910120995,-7.149665856015503,-20.215682304922378,28.746291504163622
2000-12-06,38.968418726490526,-6.844425253957189,-20.453069113149255,29.340190288953746
2000-12-07,37.906089657156244,-6.970577761172892,-20.731024785703717,30.65217609067884
2000-12-08,37.26373559318532,-7.47623361174068,-20.445153871507667,30.4268462472543
2000-12-09,37.76224656682353,-8.155421726851468,-21.045011336162798,31.3471063004194
2000-12-10,37.3780443373325,-8.270583116818662,-19.831000569655096,30.905649527920954
2000-12-11,36.89914963199497,-9.952526558932764,-21.473961943829693,30.525651354985012
2000-12-12,37.56996605587234,-10.599392034647485,-24.351657061600452,30.24394723247845
2000-12-13,38.95372151635573,-9.658111359780754,-25.460534790457462,29.777103270730496
2000-12-14,38.33845423159933,-9.33906340654916,-25.46349271698903,32.45302985516727
2000-12-15,38.066550452376134,-8.755262600113825,-23.306726480557504,31.504303330495564
2000-12-16,36.63202356254559,-7.7335477753948085,-22.714088826449714,29.16451550685174
2000-12-17,36.242224835316996,-6.388355297613714,-23.265086944181423,29.804063126950435
2000-12-18,36.71671235553008,-6.818037105739032,-20.63118959132513,31.53098023198371
2000-12-19,37.19417173377065,-5.73148337336123,-20.69908738152057,30.584841616351174
2000-12-20,38.515233130306555,-5.213208355167451,-20.402714745767454,29.70625766117272
2000-12-21,38.083758436428596,-3.88969521408994,-21.47337018693187,29.843111953747826
2000-12-22,38.3547889026317,-3.8028671074509237,-21.95331997571881,30.173191256791632
2000-12-23,38.55370036207366,-4.209371976863985,-22.093867593282244,30.82283731635013
2000-12-24,35.756220846158925,-2.905356668468162,-22.269069324115968,31.042043730312965
2000-12-25,35.891937854974145,-0.6730671258734078,-22.109754316269175,32.17124776343454
2000-12-26,36.64254451862372,-0.5450705505047317,-22.404283874517127,30.122112325746883
2000-12-27,37.59402085376411,1.068073907302125,-22.82806902705034,29.945904938273774
2000-12-28,37.01457014894318,1.8268752229493501,-23.560284333740075,29.223203870539542
2000-12-29,37.6286731356237,2.0191776866222777,-24.32419791620829,30.37404316724916
2000-12-30,38.50367280384692,1.7497195406487027,-25.075712726468183,29.99650055251924
2000-12-31,41.076495715481926,2.1786606266054074,-24.12219891864558,31.29910568815904
2001-01-01,41.49968241412023,4.038890349591534,-22.933386124986384,30.950147672212644
2001-01-02,42.14519956085947,4.4963285006283,-22.418994485368547,31.363537824209004
2001-01-03,41.75361736926259,4.509913957177385,-22.36879355247797,32.20173564353818
2001-01-04,40.578196246299996,4.0810710027618615,-22.598392719388027,31.804877779046915
2001-01-05,38.224472771007726,4.218927371401563,-23.60990770618171,30.887014146278375
2001-01-06,37.53089148373446,3.1784798145515216,-21.853625104490476,31.071104114948238
2001-01-07,37.456664690526836,2.6117121294582004,-23.028438218391877,30.62396392240678
2001-01-08,38.99215387211801,3.193194369724165,-22.755824501316766,32.3057325924365
2001-01-09,39.10314877326062,4.739461074484746,-23.396475621409735,30.89137288386641
2001-01-10,39.69731785924228,6.242148036287303,-24.338556921310637,30.85072929691278
2001-01-11,39.24454875198287,5.72702142876472,-23.278796290955842,32.488901292639106
2001-01-12,38.448809494023024,5.552130169907036,-23.88142627861989,32.91500093420754
2001-01-13,39.22781801337189,7.551697163457718,-23.863559896731196,32.8372730548696
2001-01-14,39.555335873303925,7.599411930767607,-23.23835417430329,31.819458562256735
2001-01-15,37.58461869160848,6.958134639113661,-23.281415489843294,31.075397086543507
2001-01-16,36.78787730521818,7.694003066595266,-22.002791468809374,31.374672431797563
2001-01-17,36.79009115060167,7.634682547624882,-22.5816089163572,31.57869486710705
2001-01-18,36.348327550410076,7.808620383502034,-21.975436803780585,33.187640404564604
2001-01-19,35.94878413372211,9.1153572668108,-22.57526823447385,31.39055205254007
2001-01-20,36.15230593017013,9.35458075335096,-21.55540619409486,31.762914937676612
2001-01-21,37.74934259032556,8.004578666532716,-21.391399970641018,32.754119895964536
2001-01-22,37.68769075061571,5.616260107436261,-21.534597411376303,32.26169425916485
2001-01-23,37.409910885219695,5.822989137577118,-21.843729714809918,32.90723208609232
2001-01-24,36.2436832691848,5.737460007684903,-21.04781503549589,33.033980583163405
2001-01-25,36.926124994220785,5.7825439208336835,-18.812672359176844,33.50778738535989
2001-01-26,36.3262687400958,6.479896768995565,-17.006561539903196,31.638970325530643
2001-01-27,34.94145030867012,6.936952070626917,-18.477972515727263,31.829249403017236
2001-01-28,33.76601510464958,5.684076920272602,-18.569858890582694,30.669612066866705
2001-01-29,34.89061524740085,7.029695651156132,-18.452435714764018,32.85124139441492
2001-01-30,34.511959343978916,5.787536356431939,-17.58061828937695,33.816241727113606
2001-01-31,33.50224164660262,5.791992251283878,-18.257416147430607,33.891043872804595
2001-02-01,34.21389396850381,7.223559649926129,-20.15906819854392,33.25700532569495
2001-02-02,35.484418040972265,8.047553275536425,-20.95761833138674,32.395368557081
2001-02-03,34.45663558959818,7.067254090564426,-21.220955936830592,33.40038286708138
2001-02-04,36.324130987944784,7.133966458147169,-19.68085938457154,34.495871154239595
2001-02-05,34.949325329425626,5.717039624537771,-21.245929209173074,35.19442923247921
2001-02-06,36.046918995638705,6.566274091497646,-22.166861208732,36.936667963538056
2001-02-07,34.822453401994586,6.888119586095433,-22.293445446989796,37.10267845628729
2001-02-08,36.32122226834772,8.705409519117739,-22.621562018337187,35.65047849207117
2001-02-09,36.17781259564461,10.735193169234929,-20.766708768836228,36.327775224612836
2001-02-10,34.880321685903226,11.597075982696976,-19.52253154997084,36.603384309148026
2001-02-11,35.25439226436295,12.929138044122194,-19.67489398780223,35.67217099502363
2001-02-12,37.12586409615057,12.24902895190003,-19.578991398496804,35.89273454077317
2001-02-13,36.93358814330192,13.629527370684682,-19.301085013176756,37.49381060314636
2001-02-14,38.162743991855095,14.164148696144148,-20.46184183201537,39.223123263840506
2001-02-15,39.37202570430163,13.809397743304192,-19.96620962178084,40.53059521089624
2001-02-16,39.528839534373816,13.407575141583964,-19.75413768710447,41.22155632583479
2001-02-17,37.91100181720361,13.146871750848995,-20.858006138128502,41.22864544967934
2001-02-18,37.45021016354098,12.061573124946484,-20.676248135917984,42.029062251299656
2001-02-19,37.04914842059973,12.941483459687896,-20.98242407769541,39.79473871987406
2001-02-20,37.44267608492286,12.182175162081164,-20.456589578473665,40.11226888459427
2001-02-21,37.13532780197712,10.806250035919676,-20.578436330630566,42.11895894737512
2001-02-22,36.742882888422194,9.116811059311276,-21.296910138528624,43.013484461808915
2001-02-23,34.93463728894282,9.332016675446008,-22.563915726417367,43.6776225834304
2001-02-24,35.47572813581665,10.695539670408616,-22.797461309374658,45.4082078299756
2001-02-25,36.28469632637111,10.530395508585705,-22.991619736632664,45.22759943763262
2001-02-26,36.03058990297174,9.885639954742196,-21.420677064360742,44.15408799138917
2001-02-27,37.29573385238971,11.090114150251548,-21.19034933848306,43.27954950698211
2001-02-28,37.09962429581648,10.530728158504159,-21.046158470755433,41.94696077683055
2001-03-01,38.69782634673636,11.063999142567162,-21.688844613352163,41.2522856678502
2001-03-02,38.24185823168804,12.032948333066882,-21.83125294126792,40.96152905837202
2001-03-03,38.214741940963705,14.313830098152621,-23.00972053496002,41.42930772162395
2001-03-04,36.32886009958688,14.46593132954279,-22.453300155387964,40.497349232664625
2001-03-05,37.83091240971288,14.593070669813688,-24.034404393405392,42.33710964739827
2001-03-06,38.18087349868078,14.626356409129542,-23.463799275934207,41.799020922282
2001-03-07,37.57433733214738,13.229508773119626,-24.258835879376146,42.588738400016666
2001-03-08,37.61666339346258,13.55145214367364,-23.390281210662923,41.99386596477222
2001-03-09,37.79650861017102,11.176174623939986,-24.477807679935683,44.04745473333738
2001-03-10,37.190512434792865,10.941171597038235,-25.618421750706617,45.31864301512228
2001-03-11,37.60178354744576,10.761182567374208,-26.246713101410194,44.91387427002496
2001-03-12,37.81700904656353,9.761512216579783,-25.726042433159893,44.33404073827434
2001-03-13,37.99054963608503,10.002119723350143,-26.73312880938985,44.79832852946839
2001-03-14,38.40035107570575,8.269859979489057,-25.254147525765582,45.4409721741368
2001-03-15,39.66704889041881,8.923934869147564,-25.74366894131253,45.006388201916806
2001-03-16,40.43078164983331,9.003448526654472,-27.858610173869682,44.105681846908325
2001-03-17,38.728283910762606,9.03161491857133,-28.104357103169555,41.285467756054565
2001-03-18,37.98119863383757,8.677826023217357,-28.463704902046285,40.75928860659753
2001-03-19,38.824025608992926,8.605251954942943,-28.60341708958481,40.9598700448148
2001-03-20,38.56157351102715,7.405441915711142,-28.881696057342424,41.093201758180385
2001-03-21,37.877524463540446,6.418048371184986,-30.685303849491522,42.06765512544756
2001-03-22,36.14549254389818,7.405154199658752,-30.613432489670835,41.453177625997135
2001-03-23,35.36856154504557,7.049949187649809,-28.86860392139695,41.41090730641847
2001-03-24,35.801151289729226,7.576953928934209,-28.526552841623793,40.62211297378385
2001-03-25,37.70897828298939,5.6151667548333215,-28.423109781667254,41.62036669880979
2001-03-26,37.08116914981261,4.765793879289479,-25.96316917893355,41.55603390261372
2001-03-27,35.94663920167957,3.611089077342952,-27.44830275376306,41.390952817367086
2001-03-28,34.63314543907515,2.376622832480285,-28.217297353950382,40.57364450134246
2001-03-29,33.94568796472317,0.6498706510910812,-28.126256095579162,39.86181215740708
2001-03-30,33.4972033887643,0.9367441539998569,-28.134379597884195,41.208623151311116
2001-03-31,34.212201127836664,2.9081674651045977,-28.227964366069497,41.742239531334015
2001-04-01,33.98088147584869,3.885429020527223,-27.71433688693525,41.70033149602258
2001-04-02,32.738264171065374,4.184035155204402,-26.416650560289643,41.03212503700711
2001-04-03,31.628712081524284,4.671318762978439,-26.129306502639533,39.929701088677085
2001-04-04,31.83817545415353,3.9680747547084305,-25.88396234238586,40.55632978414721
2001-04-05,31.40154529207438,5.381385466485597,-26.3663037773147,38.83221542280141
2001-04-06,32.59688730872382,5.828160698488138,-25.809498006681586,37.77673570244964
2001-04-07,32.02020294636599,5.69788985707174,-25.31810402416011,38.86607376490868
2001-04-08,31.788684214728107,5.280643613196207,-25.564297611225335,37.94425885281902
2001-04-09,32.684713569375354,4.641339393911869,-26.0157612550396,36.807002020431206
2001-04-10,32.04340077436267,5.025735780400697,-26.18456126350246,36.49666696852426
2001-04-11,32.190438189957014,5.466333690819121,-24.538684757304154,37.57268695533337
2001-04-12,32.16883730536114,6.128320773093065,-24.887170339338983,38.602780554491765
2001-04-13,30.739506990431902,5.079083333552402,-23.64872150841476,39.51240171326324
2001-04-14,30.131537095730735,5.346905387807013,-24.96782985871354,39.09639518694897
2001-04-15,30.326719222022657,6.290657392436658,-23.38227735702989,39.67228865151284
2001-04-16,30.093354959729574,5.718599605079279,-23.157713353865148,40.08359164772531
2001-04-17,30.64545597828821,4.97086189576403,-21.451879333344685,39.945440322524526
2001-04-18,30.731638370468843,6.091899427823089,-20.647324202308248,40.97858412851538
2001-04-19,32.88738262910606,6.675325923172728,-21.661138873684827,41.17965055914981
2001-04-20,30.712147790125403,6.670399721449275,-22.684754628025882,40.50653792221687
2001-04-21,30.067120636438453,7.080669558977849,-21.2217931087661,39.953113714613934
2001-04-22,30.543194751845657,8.031103053163932,-21.116785769482725,38.92392241695105
2001-04-23,31.658311175199408,8.190564154039318,-22.008492287682078,38.647102479016944
2001-04-24,33.239075248111156,7.2049876441324265,-20.541849352462293,37.77020210622361
2001-04-25,33.135890967724514,7.087938261022603,-19.962189994117207,38.281993188910505
2001-04-26,33.93006844022455,7.195984373540299,-19.970737241051182,37.18882500676105
2001-04-27,34.11403616239986,6.018553381979091,-20.435009395296074,36.94003552358308
2001-04-28,34.60328103427783,5.98660113559942,-20.474100331312496,37.68153644463966
2001-04-29,34.26151808237705,6.208746272622727,-19.96121456889901,36.70606836155763
2001-04-30,34.41081557559756,7.71222075239908,-20.921168688518556,34.93784346522181
2001-05-01,34.1429622451071,9.061748968665581,-20.33603624467316,34.350449829511966
2001-05-02,35.63497320762053,10.701165363064504,-18.969083247853384,34.794930043192174
2001-05-03,35.94810531248652,11.879879627636896,-19.45659470638889,35.11472256397667
2001-05-04,37.68053781588186,11.282532851819342,-17.581780550831297,36.06699344664171
2001-05-05,38.66639676831994,12.320302534423494,-17.452985255492486,35.28278868926483
2001-05-06,38.07925260382445,13.114214462391462,-17.68107498117636,36.11218551025824
2001-05-07,41.0681497571616,12.837479721352038,-18.510961938591883,35.27194598920636
2001-05-08,41.1098280831136,15.53076454220058,-20.268147510324354,35.06945110088263
2001-05-09,41.188318459486815,17.088716332147197,-19.91832026513999,35.487574773223045
2001-05-10,41.807649058455276,17.50090519185716,-21.39806832321436,35.70515581857732
2001-05-11,43.054392686804356,17.02098394947415,-20.093984748210197,35.07604194445252
2001-05-12,41.28830512445948,17.40339209615137,-18.827015180469903,36.68727997280325
2001-05-13,40.76717527608535,16.03596782016956,-18.40002392723941,35.05257014597641
2001-05-14,41.61427434885572,15.943020831606466,-18.306652304028578,35.03069798319129
2001-05-15,42.68406114799418,15.081346617025629,-17.441719809522397,35.709852499382414
2001-05-16,42.94102651407637,13.516846319466625,-18.54440433865389,35.51710151134272
2001-05-17,42.73164472342301,14.624058051459814,-17.628191711777312,35.48506850278346
2001-05-18,43.73014826114208,14.952738028857988,-16.127146701332425,34.85302640370908
2001-05-19,44.75359664078416,16.5540441828843,-17.670055482960905,34.91489934768292
2001-05-20,43.72204692867511,16.8028886566389,-18.69935727196585,33.574323346131166
2001-05-21,43.36257169080632,17.163599433365025,-17.871421960078692,31.5691264220136
2001-05-22,44.722661872444284,17.588077225481083,-17.555428467216114,31.994414057518373
2001-05-23,43.91501003922925,17.527514415311806,-17.72027365605792,31.890521984847222
2001-05-24,42.38842018051902,18.58927646058162,-18.813651746541723,32.054984362117835
2001-05-25,43.092381304863636,19.484723312915065,-18.45060191871283,32.921520574342544
2001-05-26,43.127612482614886,20.245436599717497,-17.589926356675203,30.915379129926134
2001-05-27,41.61116317048728,21.05252179504867,-17.284517187629522,30.340329280525964
2001-05-28,41.02176004616065,20.452761112815836,-18.981960536981983,31.78918790875092
2001-05-29,39.74381063314817,19.13593177697655,-17.971966492103533,31.16474212806185
2001-05-30,37.85032653170197,17.898135588620185,-17.280467491760476,29.716200498113835
2001-05-31,37.81529311990257,17.433932297649573,-18.165510008257296,29.363780725342487
2001-06-01,38.1375460203375,16.95250072417141,-18.65385531325727,28.717825765125234
2001-06-02,38.24414107565953,16.755340903023868,-19.504611833717085,29.715161672895423
2001-06-03,38.340001233241075,16.15015192682457,-19.269601985136013,28.836482470529162
2001-06-04,38.51389508097074,15.981999736422798,-20.79206717614645,27.507333175946428
2001-06-05,37.98507343683643,17.046251046700313,-21.31010049676597,25.92242402399178
2001-06-06,37.63969122518709,18.70744878984216,-19.688295543420317,25.279167648504384
2001-06-07,37.60318329166792,17.237217717924374,-21.281952499919893,25.23424890821699
2001-06-08,38.41928076333594,17.585691735953617,-21.023330669336836,26.338831312314294
2001-06-09,38.47657720846207,17.206025333709587,-20.580079578664034,28.107620455818598
2001-06-10,39.45029415801198,18.168409849026034,-20.862336521308762,26.541403640219123
2001-06-11,39.444065232269935,17.05576848063968,-21.73741372635534,26.39169794665714
2001-06-12,40.06679403809607,14.202911674654803,-19.98466006736588,26.87431955941801
2001-06-13,41.14700974617277,14.213119993910203,-20.82562202851904,26.119629242759032
2001-06-14,40.73727004875165,13.940760982612733,-19.953789234962837,25.597318330906187
2001-06-15,41.17109604763054,14.127934926899007,-19.349588551505356,25.209327384155834
2001-06-16,40.0321750650971,14.121954139427219,-19.27199918279721,24.136426379029803
2001-06-17,39.074394829986176,13.806086477487387,-18.15443178830057,24.286931204942764
2001-06-18,37.96122903652373,13.823599451565665,-19.20512381938093,23.62288268848182
2001-06-19,38.459141638849886,14.702243918331929,-19.154444381044662,23.792362060645274
2001-06-20,38.00799777253356,14.251232872533363,-17.929649083758804,23.064258445952817
2001-06-21,39.34912187001382,15.65957051949506,-18.92510441047992,22.44189745021857
2001-06-22,39.1013240208211,16.611882731938625,-18.983336820986878,22.62579754662881
2001-06-23,39.84565671641982,15.798767105196518,-17.26539799310875,21.4589204594095
2001-06-24,39.591346916337535,15.363704652719097,-15.524826200274825,22.691449443210352
2001-06-25,40.46278752050598,16.99728566561656,-16.294928752125745,21.624986460984115
2001-06-26,40.73710038280008,15.96268961540042,-15.645736602779994,21.134893860106903
2001-06-27,42.400832686137946,15.310226069239246,-16.795340345273544,21.80503383742359
2001-06-28,44.15429496981646,14.174626886709696,-16.11964182562124,22.640221599874142
2001-06-29,42.38571428776185,13.232111278050134,-16.453356970018966,21.631807138081214
2001-06-30,42.1450930336265,13.58845432720069,-16.88917573574847,21.199632635840036
2001-07-01,42.4936312940227,13.121542824419473,-17.156316654479745,21.365995812745183
2001-07-02,41.6305909371008,14.78587935612083,-18.57254490175054,20.755935065609343
2001-07-03,40.60220673480256,14.089836154441524,-18.75872868296156,18.87470222504479
2001-07-04,41.66569526936478,14.387743891450704,-18.049002179777645,20.02426592787016
2001-07-05,41.40105376732871,16.11402436746524,-18.265886876467096,20.30212058817163
2001-07-06,42.5544436773541,15.784088726188537,-19.26913299335559,19.798292084333525
2001-07-07,42.49033876983782,15.687512215266315,-19.536912573537762,20.152880497266644
2001-07-08,43.37744673257757,16.03214392391105,-19.676026233338042,20.611382110687263
2001-07-09,44.19875361388503,16.336837233854656,-19.553325724706866,21.264084974737198
2001-07-10,42.46245711531749,16.0801972711508,-18.790480953991608,22.82611472791415
2001-07-11,43.23238379587384,15.582331338862044,-19.670579365900732,23.025041274163545
2001-07-12,42.58716271399989,15.389359897099292,-19.992560893040892,22.4396103071404
2001-07-13,43.08702760923341,14.564370494384853,-20.55580563879358,21.954538549914542
2001-07-14,43.3656660282101,15.994204645368745,-19.7467121064504,22.88035882985327
2001-07-15,44.753246704545205,16.877087752904743,-19.016759086826806,24.248719283626617
2001-07-16,45.190361459978625,16.688043224630757,-19.903742252875197,22.459417197109513
2001-07-17,46.44811589668469,16.835435652124648,-19.7003471312525,22.99661259288761
2001-07-18,45.65288028082723,18.447989319486656,-19.32516208594293,24.434992709250107
2001-07-19,45.771760239285015,18.078781197842673,-19.242356400959935,24.96005602300038
2001-07-20,45.743465848881044,19.662702937643576,-18.514729748262408,24.981185070880993
2001-07-21,45.29995131852508,19.482649127301194,-18.315716330123568,23.894892223778623
2001-07-22,44.368096349807146,19.99495697115978,-19.32421474703335,24.4241769540447
2001-07-23,42.98716228635246,20.335134358472924,-20.594739430493416,23.81792579319118
2001-07-24,44.126746102541944,22.37443879064488,-20.89702233680725,23.718707215255787
2001-07-25,43.39755108349443,22.404742062662223,-21.851211511002784,21.744592747190747
2001-07-26,42.947785171502545,21.395601989821643,-22.38489236460414,23.42918244591524
2001-07-27,43.238128389168274,21.469446087076562,-21.774798875731264,22.683924739895904
2001-07-28,43.951299207312964,20.863044913001172,-22.077372344795425,22.46172486802541
2001-07-29,44.488910432126,20.651473665581896,-22.829646141791663,22.925554962075584
2001-07-30,43.68475495276628,20.692168864650228,-23.01092577289074,23.94505922866412
2001-07-31,44.52280260539444,21.25484588175148,-23.286330864332896,23.10379193372462
2001-08-01,45.86684821206669,21.487924444731693,-23.586660913252263,22.163478999676045
2001-08-02,45.11073806863202,21.918765004247046,-23.186923845826843,22.084678530637333
2001-08-03,44.93895053232196,21.317924866463464,-22.51371778614293,20.878185035363447
2001-08-04,46.64706412698969,22.66387178403301,-21.98888056961411,20.296668043842697
2001-08-05,46.113461337329255,22.35272927180418,-21.826525823465882,19.843517219421237
2001-08-06,44.197180631343166,24.64050633273408,-24.16603527387916,22.68004786360404
2001-08-07,44.87992128887188,23.56543861151006,-25.116870015879016,22.689800773024608
2001-08-08,44.69800995681849,23.987583200568697,-25.72444569661601,23.66532252954362
2001-08-09,45.33919271325824,24.65253539346638,-24.553723321133532,24.174939484653784
2001-08-10,45.97413916626487,25.162858248795818,-25.006218045278175,25.70865833944589
2001-08-11,45.53192362481627,25.36301704058877,-25.077443094705828,25.770414946667326
2001-08-12,44.71935337548106,26.646494091519155,-23.415014428817067,26.16608208442347
2001-08-13,43.670425543477315,26.71764230462368,-22.473730120852714,25.041366735894922
2001-08-14,42.79342732250522,25.57898047576314,-23.32443908714815,25.202822011628403
2001-08-15,45.36803409260861,25.81338956810947,-22.17533919583119,26.574461380502914
2001-08-16,44.70177386004978,26.41949247312807,-22.209400882013778,28.77993053926962
2001-08-17,44.57913750168127,26.455761335191596,-23.472914720047434,28.64515076350428
2001-08-18,43.36438865037403,26.65389785619075,-24.818358552577934,28.95380211881348
2001-08-19,42.43363120073501,26.292529772136888,-27.010523047933635,30.50144646259127
2001-08-20,42.708349301354865,27.419046668448512,-25.950803671718866,32.47415547097472
2001-08-21,41.85323857358945,25.78994203672653,-26.831460759899127,31.6521459563585
2001-08-22,41.01740603646729,26.11998907257679,-26.742423049353203,32.83552445222297
2001-08-23,41.021723419313545,26.262943324460803,-25.026241769619624,34.067088049275455
2001-08-24,39.26438663088966,25.756527672841898,-25.215591953763205,34.9822792756622
2001-08-25,40.48735807613007,23.66718862875147,-26.545285001836845,33.719793432822826
2001-08-26,39.47687271025747,24.354886238644855,-25.957190547776523,32.59766409559427
2001-08-27,39.249700284137425,25.456866579448626,-26.240271053743008,31.9828606868664
2001-08-28,39.80421983290799,25.803190291425768,-28.063219173725503,33.11631152835554
2001-08-29,40.41636237836522,26.095027799507164,-29.261206854848147,32.132113147829365
2001-08-30,40.08496012030915,25.064613552121063,-29.26272706434247,31.083528603321984
2001-08-31,39.87207669894073,26.532919701669208,-28.749212398417555,29.575435775745753
2001-09-01,39.86229559972598,25.720868176656097,-28.496564439199826,32.01369361302159
2001-09-02,40.72964914190717,25.030404190925367,-28.725443616416683,32.43616403554816
2001-09-03,41.735000317030696,25.84779652162565,-28.519765492235656,31.003127915872078
2001-09-04,41.64016771681208,25.12389975464262,-27.43682881605502,30.442509107799445
2001-09-05,42.173387332058475,27.081291929423266,-27.172311518101782,31.139805104804644
2001-09-06,40.825130884113925,26.01801076209091,-26.62354086991505,29.422560201446036
2001-09-07,39.68112878817422,29.406414428343805,-27.83582504301223,31.326687846344143
2001-09-08,39.43815415537159,30.01265425367732,-27.59963412783306,31.063572036908063
2001-09-09,38.89074038557874,28.664393681605382,-27.072142467871622,32.43069871749296
2001-09-10,38.60999921699035,30.110087719990187,-28.383920921318985,32.22814257336403
2001-09-11,39.25786971165303,30.119531730610163,-30.14712191159213,32.07935311580604
2001-09-12,39.490231489944925,31.111237493767813,-30.027519136581507,30.413565782377045
2001-09-13,39.23072635101994,33.031376766038406,-30.02924324174653,31.129054724286863
2001-09-14,37.95414288150114,32.3053831795072,-31.889593919954834,29.56345488145743
2001-09-15,37.759829689476526,32.586978875466215,-31.593833889826183,28.317949700761957
2001-09-16,36.605955724699584,32.041559089081126,-29.898226941451544,27.34519668005697
2001-09-17,37.35520345376685,33.1408644341781,-29.332320197591464,27.841307514058755
2001-09-18,35.86681425687393,34.11559911907011,-28.747020602689776,27.87166877351522
2001-09-19,37.000075050822865,33.82685481276923,-27.302876595152348,27.466120288212487
2001-09-20,36.833271303569184,33.91259650476687,-24.726712405241894,27.65042834389494
2001-09-21,37.57363941775182,34.53830617037451,-25.48599110675192,26.573880842357188
2001-09-22,39.08252429741374,34.509828022638885,-25.282864022248123,26.719351317717795
2001-09-23,38.13774171813123,34.019378018931256,-24.7438134846719,25.856200456885837
2001-09-24,37.23042352149704,34.07846699945846,-23.569945945411824,26.66757940347745
2001-09-25,35.997084184443175,34.72467688454599,-24.358578178014774,25.98507159676119
2001-09-26,34.69405217983239,36.07841598521781,-24.780923781958663,27.77329397332336
2001-09-27,33.86226416076959,35.663877165047076,-25.822552413234725,27.102835271349395
2001-09-28,33.64440639401667,34.887237200355706,-27.252779941799968,27.657479913688746
2001-09-29,34.54249264892886,34.21355412538353,-27.02907479952291,27.055526208495703
2001-09-30,33.326217946289766,35.59363906899252,-27.128239756406643,27.9708864376628
2001-10-01,32.33902597870431,35.791734679838605,-28.233154742476316,28.025018354662322
2001-10-02,31.552955635135053,35.01600261672609,-28.77077423231529,28.302137942485967
2001-10-03,32.76954281762972,35.12448550574464,-28.57412951403154,27.01442454040582
2001-10-04,32.88899131108841,34.099072552193796,-27.523254152408168,26.828643627635397
2001-10-05,34.15792102802155,34.76810367913501,-28.245610986075274,28.662652947126908
2001-10-06,35.463789715902394,33.80364719581708,-26.795457532269417,28.718557343175085
2001-10-07,34.71112092593365,33.39289866789366,-29.199744609325062,29.483206066906046
2001-10-08,34.20848038890197,32.554828762994056,-28.470564497153003,30.620407418426375
2001-10-09,33.553595197601254,32.03688801416881,-29.801470215295588,31.462760362318395
2001-10-10,32.61873464308015,33.165550798332575,-31.52550283279749,32.21156874597526
2001-10-11,31.685094738575522,34.302549024374585,-33.18300312366417,31.452582219448495
2001-10-12,31.134058932081047,33.707843202668315,-31.05194433179806,33.55244005231759
2001-10-13,31.02073120645586,33.50563628049233,-31.038729614275386,33.53069911853662
2001-10-14,29.756067040038474,33.5135281597973,-32.18481334002524,34.221720912701
2001-10-15,30.69788682020709,33.24598068431094,-32.18046496302907,34.47249595747205
2001-10-16,31.6172693284048,33.971060236923094,-30.665546699610374,34.72024550572035
2001-10-17,32.25217746977009,32.50406736869474,-33.025327557117485,34.11186922648255
2001-10-18,34.56131518595279,33.33480169730074,-33.459277281920166,33.14085127113129
2001-10-19,34.60595536722174,32.286151064492245,-32.45181410217259,33.86527999924564
2001-10-20,34.46980934998523,31.395619907546937,-30.58194112615425,35.60426477845354
2001-10-21,34.108729765482714,31.382689935852564,-31.361932072725082,36.34083879135756
2001-10-22,34.325487420004414,31.866671721574622,-32.55949921051055,36.021373314470004
2001-10-23,34.406033708787476,34.04709078047959,-32.23756664017042,36.86896152692206
2001-10-24,33.82657028910043,35.28973902454903,-30.895239366263155,35.486239343098475
2001-10-25,33.05068782170936,34.29710872896447,-28.95670411830634,35.29404924614306
2001-10-26,32.1524185576162,33.34749420861687,-30.95009859541644,37.22416431882134
2001-10-27,33.71773802741519,32.10820019538992,-32.88636541741272,37.84819596514966
2001-10-28,33.85270936213047,29.620244616250126,-35.39874124250338,38.20711110150247
2001-10-29,34.30049253867521,27.585975949153237,-35.870660277570465,37.50895677292733
2001-10-30,34.31429560769432,29.015681983159567,-33.41706306033423,38.64931649799985
2001-10-31,34.77211729608096,27.49841015166117,-32.76894520669555,37.845833865474404
2001-11-01,35.75719321863094,26.84885934829497,-31.988785832437635,36.723119117790425
2001-11-02,35.36620960974547,26.177748653559433,-31.905494534005076,35.13219388468397
2001-11-03,36.11683999005794,26.11172683493893,-34.644497580480646,35.233237222625924
2001-11-04,37.529839479901625,26.95001818047648,-33.89774606588273,33.88643070376895
2001-11-05,38.7885889121647,25.544327847213005,-34.648400963858265,33.78860052135242
2001-11-06,38.881396384677,25.651982313947467,-34.23173532497609,31.96453484055244
2001-11-07,38.737603687881055,26.27428036587312,-35.54636323964857,33.013248050233344
2001-11-08,40.033820714194945,26.27032241824646,-34.108650785362094,32.473982619229645
2001-11-09,38.84750576653067,26.808240169054454,-34.194157242729844,32.19870178041628
2001-11-10,38.46052384017471,28.253114000619682,-34.313392066846355,33.68709897451683
2001-11-11,38.94355064306789,26.7058841822067,-34.32479410497383,33.48452794902196
2001-11-12,38.13883302798242,27.47963364943721,-33.27131807910987,34.62368771043023
2001-11-13,36.680336969758216,28.578859743351,-31.855834857664064,35.30584047435343
2001-11-14,37.20954349979789,29.30184801580213,-31.105028986039265,35.096660407839224
2001-11-15,36.87644548247131,28.066464350209422,-32.94476476110989,33.349191195783185
2001-11-16,35.80961594410694,30.696225184116994,-31.981435232516493,33.5151505127142
2001-11-17,35.4782025552036,29.183369038282727,-33.04641355589857,32.7098588179536
2001-11-18,35.7565944333393,30.19778736113188,-33.5536084212073,32.35159053925227
2001-11-19,34.33257944021693,29.253374681155634,-32.963802527585486,30.446673163604853
2001-11-20,35.80449212516268,30.487787274268896,-31.25688041455855,32.43939802871705
2001-11-21,35.903575718774995,31.62532111865586,-32.13144030277818,32.51282826311173
2001-11-22,35.240720444271574,31.664235635646985,-31.58253245057343,34.333068083782244
2001-11-23,37.247084460204455,31.324275429222276,-31.400256795509804,33.85708064898458
2001-11-24,35.77286288109358,30.500717538768132,-30.705196918212025,32.469827541491455
2001-11-25,36.95571150737862,29.263560996695162,-29.593918673851952,32.701008267573926
2001-11-26,36.39573243905398,28.184886833889582,-29.683630554917773,33.45875760573836
2001-11-27,35.329134265596814,27.888695470339428,-29.84036117117367,33.074696773179035
2001-11-28,37.05999804722917,29.93460816618117,-29.33488528820953,31.36656781653918
2001-11-29,37.216795534301596,29.16963590365946,-29.840153768902493,32.934515123760406
2001-11-30,37.08562360038945,28.561657994595038,-28.96004453015021,32.96037155601156
2001-12-01,36.48280247031385,27.070584324294906,-26.260322005840727,32.32492016507685
2001-12-02,35.747747234821446,27.863309913721213,-26.623115130488877,33.13205447095658
2001-12-03,35.50342217077575,25.598664470708915,-27.48510994131479,33.167490715386506
2001-12-04,34.38073571466473,26.240085438255605,-28.125256145075998,33.28530994082339
2001-12-05,34.80287982351141,26.355145508455283,-28.806775797642622,33.2416949798181
2001-12-06,34.09073334660123,25.204373682784183,-28.55336016677752,33.42840364950019
2001-12-07,35.17890055999304,25.627680903152626,-28.380418519233597,31.38258375027804
2001-12-08,33.68858021802018,23.812204856689707,-28.862297542732776,32.432377939680414
2001-12-09,33.196057425369546,24.094109748272082,-28.406032455600783,32.65472434895593
2001-12-10,32.52949686619069,23.79250022585805,-28.843508782836,33.18177578841965
2001-12-11,33.04131287375908,24.403863687401984,-29.769263501208066,32.90799682188475
2001-12-12,33.10036997910718,23.589259921774474,-28.961547579537534,32.76241809709999
2001-12-13,31.404637027152432,24.734404722687476,-27.75179849023318,31.449234435227503
2001-12-14,31.03967487429205,23.093902513920547,-28.85599130753141,32.92051572705266
2001-12-15,30.538409040646012,22.121360381123758,-29.14428269296993,32.45708828297905
2001-12-16,30.822502888938118,22.329267348421578,-28.47184165252966,32.484625797970494
2001-12-17,29.317460968246916,22.627240330998756,-27.238476872038742,32.253148686030855
2001-12-18,28.091685571034134,21.551060756795327,-27.12562224485981,31.523207486813657
2001-12-19,28.005483299306263,22.362174348161158,-26.666286130295525,32.436937203093294
2001-12-20,26.32651711644118,21.916527032706906,-28.51399757169648,30.933113547360445
2001-12-21,26.64370499296342,22.162225806497208,-28.730164573243737,30.348647787489153
2001-12-22,25.79987001719944,22.964739921959747,-27.242548901740474,31.060420003925906
2001-12-23,25.638318641340497,22.949107161032224,-28.307988117072632,31.098453615402132
2001-12-24,25.84508166001609,23.44377715552773,-29.244284635017397,30.579512788318898
2001-12-25,26.234884772978912,23.99086671875863,-30.95737542379472,29.92664254310993
2001-12-26,25.723601160337903,23.38415065307195,-32.17761969592778,28.221317926176976
2001-12-27,25.742894735793026,23.75191446038128,-33.92233291274995,29.834484726417575
2001-12-28,26.072569377948906,23.578923800823148,-33.246871087088934,28.535108597083923
2001-12-29,25.161825265921077,24.691972398078867,-34.72963732611168,28.657053453966633
2001-12-30,26.242751926444654,25.536977996804012,-32.46722633169055,28.27273023315809
2001-12-31,26.880858521709335,23.626662860069708,-34.054966470556785,27.228487782878258
2002-01-01,28.933368793364203,23.581707060571254,-32.7418022987398,26.419483835185346
2002-01-02,29.953193862127932,23.38191386117688,-31.51050189622933,26.767152875449483
2002-01-03,29.99599023761333,21.629364006087947,-33.648691390048185,24.945455721246375
2002-01-04,30.682238925195033,20.64464311888598,-35.25353543756777,24.555239671993316
2002-01-05,31.896803205605682,18.84218941665287,-35.66789511190802,25.741728664176108
2002-01-06,31.072506906911677,17.650849606900504,-35.50709808597095,25.70775822608004
2002-01-07,31.929106694481586,18.24641140216234,-37.903070088902616,24.779590332186725
2002-01-08,31.90416890096848,18.70764724703368,-36.403491266915225,25.54076622826309
2002-01-09,32.278176154045035,20.28089726317121,-38.045606765583756,25.46430114631222
2002-01-10,32.11974950376332,22.023562773321373,-37.23396783957691,27.905919220296802
2002-01-11,32.12332501401055,23.222390567932074,-37.9001622319319,28.911067885868327
2002-01-12,33.13039977998515,23.104991828421312,-37.6181039140753,28.436384050765753
2002-01-13,32.4525522882636,22.708199356077575,-37.76013744915229,28.146254397091557
2002-01-14,32.28876090061349,20.76472924253741,-38.909251130530585,28.116052343185366
2002-01-15,33.09565348309072,20.927670432193786,-37.69973293669949,27.446000495225935
2002-01-16,32.193524326884535,21.915189893570595,-37.760661561719225,25.859273236807947
2002-01-17,34.36574823700681,21.72198755639089,-35.89452106616891,24.711772324021915
2002-01-18,35.15787050087666,21.088463369305202,-35.47565806190687,23.495362929692227
2002-01-19,35.50848561118011,22.251833300077692,-35.34913790742002,23.79704422323165
2002-01-20,35.62851796818162,23.09136646057329,-35.250266224993126,24.336556414909797
2002-01-21,36.61110910036169,23.70573536836469,-33.85551954379043,26.20217855507769
2002-01-22,36.853128444753104,24.473198232901566,-32.69315225854676,27.087034462252102
2002-01-23,36.5478163380354,24.678508632893347,-34.15578048564044,27.2801081271588
2002-01-24,37.280218726869045,24.189363851351278,-35.42376975095305,28.387129027530268
2002-01-25,38.89425924184827,22.974460853101235,-35.39821851977307,27.813750288866128
2002-01-26,39.255887256187464,22.281849937687205,-36.06591693541761,26.32703536716387
2002-01-27,39.38821761571983,23.035195036743065,-38.0456790370212,26.039528032422748
2002-01-28,40.13939531236787,24.053078315325127,-36.212582191334974,27.785016803809793
2002-01-29,39.6187766649352,25.88690415185132,-37.47090471956545,28.83347502144194
2002-01-30,39.0527027237623,26.611719078850694,-37.73784604576232,27.92905688286374
2002-01-31,38.68238312439955,25.09064101844016,-38.0448227238851,29.15641118515852
2002-02-01,37.38513821129497,25.330353132120624,-37.663655166784075,29.32345124011086
2002-02-02,37.03526239132963,24.86269174516501,-37.60981839644607,30.05435274330372
2002-02-03,37.325890285964114,23.97594456154826,-38.36207651141367,31.11743411328145
2002-02-04,35.616359883719845,24.90511205253267,-37.08164306469107,31.972888666178406
2002-02-05,36.22803582425472,24.964584727833465,-38.158695857245135,31.0432286126566
2002-02-06,36.85321183256866,25.491260156492064,-38.85519922087157,30.46057405825134
2002-02-07,38.07130060711974,25.331455023730207,-37.074662999661605,30.96602675286267
2002-02-08,38.18087760989115,24.19116071199477,-37.73734155093178,31.006344940926706
2002-02-09,38.250857576925185,24.859260311838852,-36.57320027793618,31.44481600989828
2002-02-10,38.25787140844062,23.433005761960366,-36.481873305053185,31.041204434405362
2002-02-11,38.787643095590035,22.884972468657697,-36.174465261023485,28.648955754008696
2002-02-12,38.10525660860067,22.005608529669804,-34.178204829061514,28.98740395872497
2002-02-13,38.89649865751781,20.439588605439848,-35.39480134088442,28.263027121726967
2002-02-14,37.98228684134559,21.541625488473272,-35.210647112834366,29.26415312247159
2002-02-15,38.21036769053388,21.26285679211883,-36.19483623670335,27.87402566858361
2002-02-16,36.54660656493716,22.448415063443576,-37.81621167884163,27.568420298791214
2002-02-17,35.52104398422149,20.789272228851754,-38.75502567274216,25.248692358977483
2002-02-18,33.63937255601916,20.59232709846737,-38.03284757766929,23.755982247075213
2002-02-19,35.11056500133607,22.154419758602202,-36.77614442625969,23.946088224780066
2002-02-20,34.38224192873611,22.501348973848177,-38.58157573157736,24.79236818944235
2002-02-21,35.60375490891942,23.18786206729171,-39.25108558595258,24.82192074412375
2002-02-22,35.414294690893186,22.17174997732226,-38.908866690847056,25.565318198582393
2002-02-23,35.809701173738965,22.176336568593197,-37.47942974522966,24.648288335171856
2002-02-24,35.499452584649084,23.473798728514037,-37.30799881875866,23.693009231599657
2002-02-25,35.61090630180037,23.009639130727322,-38.072720021995664,23.741302796052718
2002-02-26,33.96266612008394,23.731434187027812,-38.002352222287705,22.824081077674947
2002-02-27,34.337466156043774,24.259726478176656,-36.02197549226783,22.860516983244203
2002-02-28,35.78687839634503,24.08450223518119,-36.07251676619333,23.406715980686815
2002-03-01,34.51151696750686,25.175498829189316,-36.071376621373126,24.658389819760394
2002-03-02,36.75497493544569,26.601574258451844,-36.24660661341541,25.06318139990285
2002-03-03,35.3921690540415,26.29733054262325,-34.68597612811495,24.322540100828846
2002-03-04,36.91232819579665,25.616913741781374,-36.71765173830609,23.479927542542633
2002-03-05,38.613959206428035,27.69832800653547,-34.64359405288075,23.97978519480668
2002-03-06,40.19205667998886,27.856479209382147,-34.91824984878118,24.152137863007514
2002-03-07,39.76053855065385,27.93258501019981,-35.444502074162514,23.24530733372417
2002-03-08,39.04759155467593,28.76848311932444,-37.76313085117842,21.851724165246615
2002-03-09,37.32706923529143,30.777784716744524,-37.077096196319076,21.518400287819702
2002-03-10,38.07922899052557,30.62964949713623,-37.32467514321349,21.311270593374257
2002-03-11,39.69882538182056,29.55958025545661,-38.109804844487,23.01811216736913
2002-03-12,38.0200752573765,27.101549689516883,-37.72955925038884,22.03794441584347
2002-03-13,38.20630020538424,27.53113278037266,-37.529027348493,22.681224421533134
2002-03-14,37.89450105856503,27.904636300764086,-36.40613343111944,23.77418170170801
2002-03-15,38.06589826212547,28.817538417594832,-36.679294644527104,23.18728758297403
2002-03-16,38.62912464013829,30.02734724121666,-34.68754854525938,23.25880543617641
2002-03-17,38.959838391984505,29.65981580949948,-34.06478456851948,22.318973883756367
2002-03-18,38.226726634860505,28.903094607532328,-33.09595484304212,21.67303124719034
2002-03-19,38.14202080281678,30.06830839450939,-34.493673935727486,20.49679938594865
2002-03-20,37.61507153619762,32.035223910344534,-34.46971198690701,21.52684049519625
2002-03-21,38.73468910615183,32.3996224612354,-34.844236689437444,20.391010442257556
2002-03-22,39.0058156548285,32.744855808779654,-34.402019735527716,23.08871001380553
2002-03-23,37.046790438980466,32.08695647667889,-35.80075330729292,22.349812423818193
2002-03-24,37.87813268196571,32.55974770187675,-37.46466394010942,23.44126024699004
2002-03-25,38.403212366966216,31.548796167842422,-35.587887998269196,23.009071137845396
2002-03-26,37.483148200879164,30.718641772334674,-36.69116447787064,22.533252086971576
2002-03-27,37.85153049746523,30.447690159049955,-38.63251154807654,21.420888095788225
2002-03-28,37.15231093080384,30.854670883506145,-39.398504531141995,21.085793925182756
2002-03-29,36.20610533148948,30.643603689178203,-40.196859044528914,21.890352352075965
2002-03-30,35.09250161066644,30.244177009690056,-40.15060689932143,21.316216637401148
2002-03-31,37.276463526771714,31.131337876932125,-40.21073841251112,21.114065406185414
2002-04-01,37.75500557315459,32.96741540331514,-37.820449498708605,22.290059418546385
2002-04-02,37.51571311280636,32.66713732120015,-37.81537098654442,22.180679654333623
2002-04-03,38.23352124183808,32.75455019069448,-38.10262422325724,21.10208749834226
2002-04-04,37.54107461156758,32.57127852996074,-38.174655145216185,21.52086391650814
2002-04-05,36.091876367321696,33.785290003769454,-36.843206145024894,21.565454705931636
2002-04-06,33.71991407164683,35.211063810086685,-35.411527413308725,22.956027593913873
2002-04-07,32.594128008729164,36.52066761729997,-35.22762116841738,22.29821165929171
2002-04-08,29.96232620652158,35.945640746381365,-33.94942198191154,23.336919015109977
2002-04-09,30.792434221882008,36.35602868464943,-31.929379389480612,24.23687982298076
2002-04-10,31.0335083321167,35.68149644506193,-31.570589915991803,25.679486071397335
2002-04-11,33.1041203137635,34.861153685181705,-31.923312757224075,25.37702884814772
2002-04-12,33.78549769958705,33.527589592878975,-31.438954205777076,27.121514939203713
2002-04-13,33.47068507164159,34.88662486836378,-31.031694469020398,27.643676743490087
2002-04-14,34.130404346821365,33.796740879922595,-29.456246853931738,29.498036167216096
2002-04-15,32.21069500557283,35.78924040052023,-30.179694342420117,28.4011337670739
2002-04-16,33.49762189914977,38.432152460775626,-30.40565644369958,28.399323222766245
2002-04-17,32.55839835935599,37.103227620708516,-32.759334964694226,28.072102033891856
2002-04-18,33.27500159310315,36.82910042982844,-31.101503371090754,29.4281113390752
2002-04-19,33.986125894120974,36.75235252269148,-30.22962903769082,30.674478945816368
2002-04-20,34.26243643303001,37.748188911582396,-29.70397615794948,30.753279714861335
2002-04-21,34.983219231964576,36.60874834332435,-31.066316618779375,31.00220734921986
2002-04-22,35.92514572723694,37.38223557601071,-32.46527351068267,31.705563703922166
2002-04-23,34.77410291722227,36.98794661505029,-33.42647014950131,28.969534647573376
2002-04-24,34.18577354120593,36.0841271951069,-34.03357001102949,28.387369109870008
2002-04-25,33.80327083879538,37.273432899807375,-35.31663897498817,27.736094553934954
2002-04-26,33.82496945551869,36.68984751956467,-34.33562633328707,26.63099469103997
2002-04-27,34.80212240937052,38.003888227414976,-33.05500448923317,28.050024321281256
2002-04-28,34.05646955403502,37.51420137563417,-33.47059397139393,28.210248030202667
2002-04-29,34.30501591119201,36.86641591944051,-34.82170108984463,28.5841655466481
2002-04-30,34.22574211608807,36.6673699478545,-34.80416402862864,29.65137353812662
2002-05-01,35.15153862273959,37.31770568613973,-34.353140851514674,31.508065213521494
2002-05-02,36.3428775468943,36.56689761469616,-33.807624865788526,32.49743792970613
2002-05-03,35.85085163299251,35.18960790733458,-34.86840630357405,32.96367486155473
2002-05-04,35.78861532545253,36.65052973840586,-33.6016398636424,33.66905265340559
2002-05-05,37.06826474479513,37.06463769142737,-33.30250400597812,35.56919558890325
2002-05-06,37.53973689553533,37.652015391363875,-34.45533955564871,36.4776583543358
2002-05-07,37.86880833450908,36.97449353851033,-34.81220067326151,36.73172114180873
2002-05-08,36.87658210618203,38.31880930867553,-35.09368842514105,34.9817553343403
2002-05-09,36.25530671576274,38.72889030416877,-35.85499105053852,35.848187249106104
2002-05-10,37.71251729899104,39.10490126197065,-37.6915382327942,35.890018556621904
2002-05-11,36.77061601464151,39.317311341130946,-37.5775945550586,35.258835243092015
2002-05-12,36.078115784763774,40.16258546512687,-38.615180420984586,34.76507971612255
2002-05-13,36.53421587404411,39.86378677616445,-38.57273651765727,36.8658072705341
2002-05-14,38.45699337511962,38.782898765959295,-39.52905145159129,36.57061986906833
2002-05-15,39.092571748074796,38.85140051113405,-42.056677278817304,36.092773727201454
2002-05-16,38.3289951853935,39.88144050554163,-41.5175729730164,34.40795863231925
2002-05-17,39.26304685107722,39.25391179526379,-42.28223580105029,33.608224130029015
2002-05-18,38.7025357732572,36.97456932737136,-42.37347019910234,34.222372074774704
2002-05-19,36.93921345202892,37.38975203350556,-42.485543628470204,34.31244097859066
2002-05-20,36.25280206649347,37.28197526462172,-42.55518377691148,33.836190314269636
2002-05-21,36.558287660044925,35.5853582250856,-41.28976581917864,34.61708017923379
2002-05-22,36.91354600264416,37.212370886806156,-40.13444660850101,33.66123481078703
2002-05-23,37.04745107588262,37.86664259325902,-40.14323952709696,33.87356915392945
2002-05-24,37.57329974723095,37.19941462511759,-40.52718624320841,35.50410468104163
2002-05-25,37.43250101333502,36.41786144593107,-41.06014667596706,35.355385449120696
2002-05-26,37.476767270320764,37.32198269665093,-40.946247139365305,35.472066937835926
2002-05-27,36.81849903721536,35.794220464265145,-40.43697230729807,36.34206808503415
2002-05-28,38.25374505154332,36.98403325924635,-41.064128787326695,38.70387391399099
2002-05-29,38.3758003163202,35.55992670829517,-42.06390642349788,38.53478090532396
2002-05-30,39.306391005049136,34.66230360042373,-40.71863629999521,40.041229931793524
2002-05-31,39.48477830210577,33.34513719343091,-41.301556477196996,40.07644462745084
2002-06-01,37.6480111163361,33.16821188134218,-42.626546307147365,40.721017244516084
2002-06-02,36.85803031368553,32.46532428788512,-41.11120604228568,41.29143895070892
2002-06-03,37.58066472825102,31.61471978847003,-41.420389959757955,42.287345272428816
2002-06-04,36.99758461796561,31.59593587174021,-41.975158855107914,41.93858544307163
2002-06-05,37.75923547321053,32.51320473189878,-41.68241607264347,41.51815928575791
2002-06-06,37.11696304325252,31.001222496738286,-41.0469293746736,42.24234651119474
2002-06-07,37.68503998121112,31.02627357268796,-42.04186311788195,42.2565449002798
2002-06-08,37.598535812579826,32.71932044238634,-41.811284163540904,41.998425404350094
2002-06-09,39.35891692758097,31.82068082606845,-40.372122995561995,41.07715485981247
2002-06-10,39.53201740316979,32.44299194649226,-41.72500794185229,41.607137542101874
2002-06-11,40.057899260980676,31.892832707029793,-41.85256093387412,40.90359362245629
2002-06-12,39.33873111227579,32.43118122149387,-40.8361345445444,41.27716240899861
2002-06-13,38.601578684217465,30.97894068338042,-41.27679649813925,41.09786362346921
2002-06-14,38.5550232534214,30.135590559368396,-40.34941219800938,40.77068404687438
2002-06-15,37.787446333011346,27.66220668638983,-39.64198703833569,39.83582034129249
2002-06-16,36.646378348197054,28.063914168906525,-38.49763598774246,38.708178861987165
2002-06-17,35.148279431286866,27.80210487741468,-38.57551654848962,38.92227237815397
2002-06-18,34.43661804001178,28.31046073930107,-37.496931926303695,38.597826083225726
2002-06-19,32.56917264467622,30.402795158988525,-37.70956132221736,37.34520688431368
2002-06-20,33.87742589369544,30.456984998026773,-37.53090714375563,38.65952622857986
2002-06-21,34.07467530255156,32.020442942718766,-37.43419344551569,40.66255725409446
2002-06-22,34.73682581232989,30.483448777792407,-37.448465845025744,42.12161556958993
2002-06-23,32.8833685990299,30.660287197950076,-38.02218764002435,41.59420015217635
2002-06-24,32.51515542247395,29.86556535414268,-37.43084555186231,41.005330902366616
2002-06-25,33.6666298844235,29.744553645884427,-36.114243429340526,41.520925381540025
2002-06-26,31.757022526444512,29.877346676428495,-37.24884211436271,41.764398483722864
2002-06-27,31.12220216003166,30.64980492979733,-35.16549084288026,40.86332646558733
2002-06-28,29.741786426131632,30.69710059007161,-35.63207034607653,40.578857911520096
2002-06-29,30.020339729089784,31.34697465297475,-36.790908516459226,40.05611749253305
2002-06-30,30.518020809001694,31.361086615495374,-35.0490006215776,39.04363657823282
2002-07-01,30.214727146319966,30.635373395758393,-35.38775100163081,39.12765054652447
2002-07-02,29.747124182486232,30.95849946799745,-34.07330997441343,39.64713231524715
2002-07-03,30.56698953584448,31.098293690659403,-34.2168284159803,39.798170615954334
2002-07-04,31.525214448383732,30.845412730423348,-34.020970503747435,38.5327740329408
2002-07-05,33.270588452554485,31.53624841659943,-34.950013083838385,40.24475275789071
2002-07-06,31.814325758161765,30.25000537617183,-35.05389228289763,40.031972701518775
2002-07-07,29.329990247272136,30.46216208334585,-36.09729086357316,39.72739569651606
2002-07-08,30.062556969377166,30.52483133460918,-35.8581892303117,38.67424664303184
2002-07-09,29.869977215569822,30.195805980700577,-36.31694185595402,39.88200353234508
2002-07-10,31.140272435744627,30.064850106926954,-36.2768921013163,40.354449340990975
2002-07-11,31.827942822419782,28.939756894892884,-36.61823967873507,39.55603520904932
2002-07-12,31.778106622937923,29.276021650941615,-35.277917009358525,39.873311287221064
2002-07-13,32.29434382568545,29.56064192024108,-36.619689639878004,38.22539463327795
2002-07-14,31.44503643439127,28.533910589997543,-36.982340887704694,37.46831223253126
2002-07-15,29.04502424712132,29.471436033933198,-37.90532957715004,40.239460262320776
2002-07-16,28.87585466520156,30.1360253272088,-38.755101757201665,41.34528682561223
2002-07-17,29.539033538831777,27.704540529781138,-38.59335016336929,43.39036676658824
2002-07-18,29.01240762186048,27.116191264388412,-39.63588165743195,42.64364017306717
2002-07-19,29.526990823930376,26.385224198829277,-39.590400016029676,43.067581437297264
2002-07-20,28.07756328182808,27.34722631093606,-41.49611989125902,42.61358025140252
2002-07-21,28.09609940484848,27.789273279496886,-41.38045356047599,42.71506068731552
2002-07-22,27.95348443651029,28.856541558265658,-42.031952573435625,42.74762187841399
2002-07-23,26.59984527003347,28.544019176245563,-41.29236529456299,42.07670199813173
2002-07-24,26.706512477943146,29.434253166882332,-41.02473667132893,42.99971719975058
2002-07-25,25.913027765287662,30.79490712239721,-40.67149696559083,42.347599499652276
2002-07-26,24.36025236721594,30.646502933213,-41.4584456839914,41.89181557364889
2002-07-27,24.900142346138647,31.04781123852068,-41.89239034146493,41.171888673738486
2002-07-28,23.852353477790757,31.69224630094883,-40.472929407842294,41.07927577247282
2002-07-29,23.525133858360057,33.178672961518586,-40.977223009650146,39.861727786274095
2002-07-30,23.044702782380558,33.603003120481745,-39.547518776214154,39.06301013282318
2002-07-31,22.074390365777553,34.6226793458093,-39.77615818612746,39.203565285746606
2002-08-01,23.116868684305658,34.107570850400315,-40.58061443161587,40.48971183491732
2002-08-02,23.859617654202694,34.12255908442619,-41.59201886282248,40.63808457505171
2002-08-03,23.273739269543384,33.48915329637184,-42.372238106691285,42.48904232750611
2002-08-04,22.947215771664155,33.315433263791505,-41.25182249548292,43.322603721738055
2002-08-05,22.041704150349698,32.20866969279463,-40.64142914980043,43.706830145154356
2002-08-06,21.721977104048122,31.523600741908922,-38.08299227407172,42.17661481629872
2002-08-07,20.900625558890507,31.58228324425301,-36.47201969643388,42.93673927790812
2002-08-08,20.90749372203629,32.30961092892655,-35.36885253129906,44.48651298712804
2002-08-09,20.370217956356836,32.322333971363896,-36.16472260292187,44.04846306319936
2002-08-10,22.006021245726235,31.707072038057884,-34.578639110424994,42.29960433360245
2002-08-11,21.67287609384109,32.94286617484258,-35.75792243400391,41.046975067462405
2002-08-12,22.559397965009502,32.928606210398655,-35.41857458582494,40.53848323405359
2002-08-13,22.641768783198685,32.824815785169015,-35.727729039211326,39.15513109417865
2002-08-14,22.19495196863665,34.1171506823857,-34.50464930375908,36.82619503216098
2002-08-15,22.365127411924412,33.90088237513439,-33.472366343689636,35.87091089268918
2002-08-16,21.283053818021948,33.593899654761245,-33.971321803314204,36.62517674861745
2002-08-17,19.640094751944744,35.358835005547895,-36.6413226060373,35.9191712016787
2002-08-18,20.722327996184003,34.708966893154354,-37.00535886625618,36.090705728802575
2002-08-19,21.524115268605623,34.517298534662736,-35.587298199594166,34.52946200956636
2002-08-20,20.361244417370937,33.473663319893355,-35.84314713448984,34.391809616407784
2002-08-21,19.61919794587202,34.512315702082105,-37.84757832658501,33.118889848961
2002-08-22,20.342956162641524,37.470016567598634,-38.57656602476187,32.09880924312553
2002-08-23,21.549557645253575,38.81359210122734,-40.31398371739616,30.610936163768727
2002-08-24,22.30012596541983,40.270039486196524,-42.869600372428614,30.73131441017548
2002-08-25,22.916578571983305,39.28650263597362,-43.66436061882208,29.096314955348838
2002-08-26,21.704990041201448,37.047282515217226,-44.82308492013725,28.970142703918913
2002-08-27,20.379542028749064,37.883648909791596,-43.52859062332249,31.16631850561245
2002-08-28,20.975402668824522,38.355228684125315,-43.02644507061325,32.064578187044795
2002-08-29,22.11176820304748,38.58180748226693,-42.9811859457159,32.92692177158577
2002-08-30,22.71167248651698,38.975420438171696,-42.75698115079048,33.1052224502913
2002-08-31,21.919068204858824,39.18690568639375,-43.08122910929894,34.03132105392175
2002-09-01,19.28814326513049,38.681135849200125,-42.61626361323142,34.56434662510443
2002-09-02,19.624030869878673,39.23719235778417,-44.295794286745426,33.632968531701195
2002-09-03,19.198872588086076,41.20203843756257,-44.67168493093546,34.62287125697131
2002-09-04,19.302778746457808,41.21672210518761,-45.496853436579826,34.25375208564072
2002-09-05,18.357466141169812,41.60046989504002,-47.40820649981895,33.26049437952775
2002-09-06,17.414711229045114,42.34140217250055,-46.02424137398925,34.66724519005642
2002-09-07,15.909907304186703,44.68490404549126,-45.27489153604852,34.76610321265995
2002-09-08,14.734561883505162,44.529224160874534,-45.145063542418214,35.10257676301885
2002-09-09,13.854922657369066,43.660681650238146,-43.26746112542653,36.47577607789792
2002-09-10,13.81942657395004,42.56104301260164,-43.79587679984175,36.4504602732294
2002-09-11,14.624923123616025,42.49973150899364,-44.72224126302704,35.332054098154146
2002-09-12,15.288232343758724,43.306782243292886,-45.84013444676218,35.176295698290694
2002-09-13,14.78733635045601,42.50372314916061,-45.05004619303124,36.80535618824898
2002-09-14,15.855252053037576,44.38792596963468,-45.14536865416625,34.381790496042605
2002-09-15,14.590815740247258,43.64295428030078,-44.53559905267551,34.078030520599455
2002-09-16,17.058711070009807,41.130586882122714,-44.74937971035215,32.97244665286764
2002-09-17,16.79270700172828,43.095567447874316,-46.15260470536595,33.398507098112304
2002-09-18,17.43295965453147,42.88717233230605,-45.847838618682445,35.532247747272606
2002-09-19,17.654048744467996,42.00943339117641,-45.86475183105867,35.885392362380514
2002-09-20,17.53414740118301,42.060188948984674,-45.95587794659933,37.47805638404376
2002-09-21,17.835640765402363,43.245060809514406,-45.60697384063533,38.976401319753414
2002-09-22,17.309557167674914,43.86840269291655,-43.768068515928945,39.46113750664973
2002-09-23,17.812842942958223,44.894572477278466,-44.79361828008703,38.6157310605998
2002-09-24,17.487438566423307,45.9074849264175,-44.83692059430921,39.58597528548904
2002-09-25,18.316634007743474,44.54987383963398,-44.55227431353752,40.68001717069171
2002-09-26,18.423605956200316,43.695498653798936,-45.07670148079297,41.611465488556874
